ID,Target
ID_AjcgJM_20100109,2.7762817328979756
ID_1FILm2_20100113,9.799237458065647
ID_uRUSlU_20100115,3.835452313757694
ID_cJcBK7_20100118,3.6697135826087277
ID_zEuY13_20100120,2.1301938303427517
ID_Mr0pE4_20100124,3.643335037554459
ID_2LqMAW_20100126,4.874072198257296
ID_6SLN7H_20100127,5.2412466208899575
ID_tjr7JD_20100130,8.639064613927427
ID_wxAZmk_20100201,7.874992709672712
ID_kPj910_20100202,12.301539118067792
ID_QRh8XJ_20100203,10.486453033648168
ID_H8XiOo_20100213,5.859185122547219
ID_Ij6Dr6_20100215,7.6243644688935
ID_SKeVyO_20100217,1.5875034231247371
ID_WgVLej_20100221,1.4651598695304728
ID_7FQLsL_20100303,4.521360441869743
ID_PonW3a_20100304,5.11999573290054
ID_M16hNg_20100307,8.01982364505553
ID_51v95t_20100310,6.4991983959520585
ID_ZWV3jT_20100311,7.851996328079273
ID_LP5xQZ_20100312,7.382352708059803
ID_Tr8QuG_20100315,13.612246951947379
ID_aV6PUX_20100317,8.406872687501341
ID_PRa7hM_20100321,9.213462670175995
ID_AIPRtI_20100322,15.317281825911113
ID_HKNTwF_20100326,21.65486934685133
ID_3kqliJ_20100330,4.77044396701589
ID_KV5V49_20100401,7.746862539848938
ID_A70BR3_20100403,5.122301950908065
ID_KcH9y9_20100404,5.596018891781564
ID_TFi9lr_20100406,8.580306752529161
ID_CRygU5_20100407,12.96152370248839
ID_jj63MM_20100410,9.843111691774817
ID_3n1r26_20100411,6.428268778577981
ID_Ts1BLO_20100417,4.158220741370357
ID_Pwr7B4_20100420,5.578213205824968
ID_3JHsmy_20100422,13.516366614195896
ID_7tpnsH_20100424,6.570744666269974
ID_EHFp1V_20100501,17.2607315537584
ID_snPdo1_20100503,13.761627294930946
ID_RCnHdP_20100513,0.637943303425557
ID_fogcVd_20100515,0.25685458333947564
ID_MAmGra_20100516,0.4426715795857965
ID_liWy3W_20100520,0.04442767612180835
ID_GYevJz_20100525,0.9278636410597332
ID_b1rq0g_20100530,1.6811957769792762
ID_McU3Ur_20100531,4.765801798623716
ID_BOG3WL_20100601,7.687642029518634
ID_BrMXZc_20100602,5.708946858098779
ID_myKCYt_20100606,0.6431940464004445
ID_SOVPxS_20100607,0.2442448807328156
ID_GYLPRa_20100616,0.33550273992486734
ID_Yd6KRq_20100618,0.0
ID_zG0OzB_20100620,0.0
ID_4PNIAe_20100624,0.06541218052210232
ID_6qZZky_20100625,0.02033321128671904
ID_aDvHXo_20100627,0.0
ID_z4ZgAz_20100629,0.0
ID_W7YvW9_20100630,0.03871550105541507
ID_Dui8aB_20100701,0.2536684974630292
ID_3Fk76Z_20100704,0.21163129162934588
ID_L7CPHc_20100708,0.0
ID_1IuBkc_20100711,0.0
ID_pf1dLJ_20100712,0.0
ID_VVbc7t_20100715,1.5928949598409143e-05
ID_VN5qA2_20100716,0.0
ID_B0tMLJ_20100718,0.0
ID_C47Z4F_20100719,0.0
ID_YdDjWO_20100723,0.05465149787043968
ID_2U4m06_20100725,0.0
ID_pJYYRW_20100730,0.0
ID_zNe1IS_20100731,0.06525280924223188
ID_dnFwzT_20100803,0.0
ID_NErjxY_20100806,0.14323365279195
ID_TMx9ba_20100807,0.2853262085253381
ID_LXPXb1_20100808,0.19240410187881282
ID_QYRcFg_20100809,0.12016844172587157
ID_fRvIRb_20100810,0.06685511168825095
ID_pGQ4JN_20100816,0.07367701806301707
ID_o4TZVp_20100817,0.4738579236569812
ID_W2Dc9t_20100818,0.18572196671983698
ID_0WsMsr_20100819,0.0
ID_ZlYpp9_20100822,0.0
ID_21d7HT_20100827,0.0
ID_0jbDUG_20100828,0.10283977298643446
ID_7su28v_20100829,0.0
ID_RIJFeP_20100905,1.4651651873532572
ID_Mm7uq3_20100906,1.8685250156315032
ID_LhHeMG_20100909,2.3002797658856746
ID_QP4GvZ_20100910,1.0899226243201996
ID_QBQih4_20100912,1.2076753833880076
ID_Wy5zwE_20100928,4.5207342316037
ID_9mES3U_20101002,4.809906507491835
ID_GGMdKY_20101006,2.4178476496716694
ID_lrYlNo_20101007,1.5986186529197792
ID_nmv7fG_20101011,1.1600236533497468
ID_vSuY5t_20101015,7.513126325722867
ID_HN5h4g_20101017,8.784839938718903
ID_phwHcX_20101018,5.1311757008032
ID_hTkQFg_20101019,6.743690116092321
ID_mG45F6_20101024,3.8664836600153927
ID_FCZ8gq_20101025,5.472933415218836
ID_VKSa1l_20101026,3.736462251159623
ID_1cASZR_20101102,4.505114183747962
ID_gsDC3w_20101105,5.24993122854445
ID_N6dMQk_20101106,5.062219319760355
ID_hh8Hud_20101109,2.131883060987501
ID_jMF34U_20101111,7.056308201558478
ID_145SuE_20101112,12.416380918175179
ID_d8srVt_20101115,18.803710234566047
ID_ahYKtF_20101119,2.5544077151986158
ID_HPZvJC_20101122,7.3905383793798824
ID_emoElm_20101123,3.7880167704002985
ID_iagHwY_20101125,7.853682573415567
ID_dAHbg4_20101127,11.492872988056597
ID_evLUbn_20101129,3.0459270811400523
ID_RPnqdT_20101130,5.0132542507189
ID_q9JrHQ_20101213,17.590789373773156
ID_7Qx92a_20101217,4.4784584960214415
ID_H5n51o_20101218,4.947021052264713
ID_5kkF99_20101221,6.862294241686544
ID_5yxATb_20101223,3.4576751595660515
ID_fjO1ZI_20101227,9.574705072316101
ID_i7JtBm_20110102,12.94053533601282
ID_Iiv5Jk_20110103,5.503296879074545
ID_iCjkFm_20110107,4.626513720559686
ID_N257a2_20110109,3.219248272906806
ID_8tOOxT_20110112,10.67371183605304
ID_WUkhG0_20110114,3.1954243063260215
ID_Xa34fv_20110117,4.24441024847232
ID_xQZECW_20110123,9.763076431333822
ID_vu6jwj_20110129,8.720641366792266
ID_JnLjVP_20110207,13.932713268599771
ID_NpxJLA_20110213,4.855180865786355
ID_KxAErv_20110215,4.920829356018926
ID_ALh0MP_20110219,2.808086200706806
ID_kxOiVH_20110220,3.469185774679698
ID_94kpHx_20110221,6.624330343394668
ID_Ix4jrD_20110227,7.710008864646147
ID_8gEk3q_20110303,6.720624182373755
ID_v5wwi9_20110305,6.787303727606361
ID_1V1mOj_20110306,4.445214959082018
ID_dm7tZ7_20110309,8.915515557795025
ID_nW2eGl_20110310,5.632079456048718
ID_87hxeN_20110314,5.186022656622497
ID_cfAOrd_20110315,3.974342299126372
ID_tbo1KR_20110320,0.7257746264694998
ID_MueWf2_20110322,1.4552725207638872
ID_WFQh3F_20110327,1.618778366663374
ID_sZH6Jy_20110328,3.4397092977185886
ID_DHWFOu_20110329,10.829434701570138
ID_IDp1KS_20110403,6.502079000917486
ID_0Y1VNx_20110407,7.355166301461506
ID_tAJD93_20110409,7.241063274700507
ID_Q3J5GQ_20110411,6.48806547360471
ID_W8uD2U_20110414,6.431798855974987
ID_G918Dy_20110417,4.864468528083585
ID_0TgYaz_20110418,6.825136695592538
ID_ELloE1_20110424,11.703222496206058
ID_ig8tyw_20110501,8.272052798747731
ID_4jkY2W_20110502,12.493370188219085
ID_bozIUh_20110506,9.656440289171245
ID_TS2bRk_20110507,8.548781904724448
ID_RVEdLr_20110510,8.420961168585153
ID_38BHG6_20110511,5.7202697308067485
ID_UBRGkY_20110513,5.491937250447176
ID_eXOgJS_20110517,5.2075994944552795
ID_uTWono_20110521,3.937688695611649
ID_5JRQa0_20110522,4.239794945340999
ID_TRoFHv_20110527,2.13655115079862
ID_B3ryMZ_20110602,2.161201584000067
ID_zkRrTe_20110603,2.6693059375091583
ID_xW3tKE_20110612,0.0
ID_OdrVnE_20110615,0.4973501657170848
ID_Ri2LBD_20110618,0.06381903823727379
ID_qWMBws_20110619,0.0
ID_oKkN79_20110620,0.0
ID_TbwH4Z_20110623,0.0
ID_p87Wgu_20110625,0.0
ID_K2jLDs_20110629,0.029326744608893462
ID_MXBLbY_20110704,0.08481165745143679
ID_Tlw9kd_20110706,0.0
ID_tvHSud_20110708,0.3743867837070132
ID_2c3ocB_20110710,0.09840550282857742
ID_1hVPBy_20110716,0.0
ID_rJ5GqU_20110719,0.0
ID_KF0uO9_20110720,0.0
ID_63KKxc_20110721,0.6250789867712305
ID_UmBQFO_20110722,0.17498639853118247
ID_t71MR0_20110723,0.0
ID_heFGjI_20110801,0.05573408144566524
ID_86wYfc_20110806,0.31508879970730674
ID_N2umDb_20110808,0.4214712096736625
ID_N7L6vV_20110810,0.0
ID_ek1uxH_20110813,0.0
ID_Lmr18o_20110818,0.0
ID_AVtUtX_20110820,0.18823833403247686
ID_FsHxWt_20110822,0.10724742851890227
ID_jEmTTc_20110823,0.2026905451336782
ID_pnd9R0_20110826,0.0
ID_aemiX0_20110828,0.046938823410277636
ID_8XlQcW_20110829,0.05799264249012849
ID_mwFCGc_20110906,0.08863639679661743
ID_suJ9Of_20110908,0.06318877105191542
ID_g67rhV_20110911,0.8677028893939406
ID_URsxjg_20110913,0.5554750834279328
ID_h18pux_20110914,0.8165465785645725
ID_U33rGi_20110915,1.3059188242120718
ID_JHtN0O_20110917,0.7602030711559556
ID_mFM0sb_20110918,0.8589650441611741
ID_Gr5dCc_20110919,0.9982891658222872
ID_1ka8B0_20110920,1.4462841003413383
ID_E0DZQu_20110926,7.675106982678388
ID_MEp96Z_20111005,3.0023117291909576
ID_EHNfrl_20111006,3.6315842468791693
ID_ZuuG3y_20111007,5.832558087896894
ID_SuMkHb_20111011,3.0004925148299084
ID_p933dT_20111013,5.878735273581384
ID_KYsDgb_20111015,9.628974238772365
ID_ydVZmR_20111016,7.921073568583163
ID_zgjFgA_20111018,3.807973545014666
ID_ianegv_20111020,9.289372777655123
ID_WSaM1z_20111031,9.593235602369647
ID_bCBsPd_20111102,9.1424351141962
ID_bZKhKi_20111108,12.237127413600035
ID_6miPgz_20111109,17.23847862499423
ID_3tDL5P_20111111,16.055156778022504
ID_B8LtK9_20111112,12.659943962491317
ID_enUXHt_20111113,9.311274453968085
ID_IwSnNt_20111115,6.390553801203934
ID_8tF15O_20111122,4.767127939675276
ID_a3COYq_20111123,12.13694716278475
ID_q3Bs9a_20111125,5.327568718987886
ID_5GFEcW_20111207,5.505378921635868
ID_wdkv7n_20111208,5.897903039500511
ID_94Vb4Y_20111210,5.4824008743355295
ID_NTCRFE_20111213,4.012036512449664
ID_bVEZw6_20111220,3.1881909362740855
ID_eNjHeT_20111222,5.531737084021837
ID_D8CEb7_20111223,4.4569143252347985
ID_JuLcPm_20111226,2.7419896792350045
ID_eRZhI9_20120102,1.1234265671080974
ID_iu9M7l_20120104,2.5083541434594165
ID_pXoSuT_20120105,3.4423139063131876
ID_a7eMhE_20120113,3.7236642519206864
ID_fS0y8q_20120115,2.6751707300121508
ID_fMtEZt_20120116,7.14915209920178
ID_0gueBK_20120117,9.368473099634778
ID_YVbGL5_20120119,5.081882219678345
ID_KhzJar_20120122,6.544814821087627
ID_hThOlq_20120123,4.268346412736692
ID_HR13rk_20120126,6.294460205268829
ID_VplDJD_20120127,4.1782468697825506
ID_ttTcVI_20120130,5.535946499533364
ID_vfHZIV_20120203,6.972432050715517
ID_CqrGPy_20120204,5.805030933903453
ID_uNrJym_20120205,1.8045147756665492
ID_mfuwnO_20120216,3.9805399877231125
ID_kNbbvr_20120223,4.764855407662779
ID_3cSc99_20120227,8.580256705449274
ID_sBXIM9_20120229,5.087047172721885
ID_oEjyni_20120301,5.523803543079264
ID_jtIRab_20120305,3.641397914245052
ID_JJPS94_20120309,1.5906891130489302
ID_DXXs09_20120311,2.6281661498229294
ID_2guv7t_20120313,3.5752276591567687
ID_QaSDtd_20120314,3.6993562419654737
ID_XIthjs_20120316,5.423842519407317
ID_BCli5x_20120318,9.353894097937346
ID_FQCZLF_20120320,6.557917862021936
ID_DNjh3e_20120321,5.759272697069964
ID_nDbrLA_20120322,6.224177695531532
ID_s3anr4_20120323,12.291338985711027
ID_vJ5h3K_20120329,11.126634439677579
ID_ZoKzDh_20120408,3.797434631658291
ID_89QzJy_20120409,3.7624460878031214
ID_fPHJ5t_20120411,4.172434372482868
ID_UrzcD2_20120413,3.0383022871913594
ID_2W0HVP_20120418,5.785143694479057
ID_rW0g4l_20120421,7.564861423739906
ID_72xUA9_20120422,7.880842574634505
ID_rL5Ujz_20120423,6.412299822086464
ID_sQTeP8_20120428,4.803103263679469
ID_MfByT1_20120506,12.235556562456727
ID_PxYYIc_20120507,9.170654010916406
ID_l2BJQE_20120509,21.02068582753298
ID_FkQDca_20120512,11.910465211393898
ID_wOtEC7_20120514,6.826978829459617
ID_M0TvXB_20120519,1.7204887674236848
ID_2alnSj_20120521,6.14784747241186
ID_jK6TSq_20120527,3.7133889443316095
ID_g3BTC0_20120529,1.8136208026790939
ID_4LrAUi_20120531,1.9013851177494636
ID_v5wuPt_20120606,0.0
ID_vGi9Fi_20120608,0.44917943577056035
ID_hdPWfD_20120612,0.12410175890379654
ID_ZOsl7S_20120615,0.0
ID_9IbbaX_20120616,0.0
ID_VLTTRh_20120626,0.07645093552353573
ID_lscQC4_20120630,0.0
ID_zR6QBu_20120704,0.0
ID_Q5cHiE_20120715,0.0
ID_l6S4EO_20120716,0.1963252727096922
ID_tYtozo_20120720,0.0
ID_u0IVjd_20120726,0.0
ID_nr7NJQ_20120802,0.0
ID_9MQt7C_20120803,0.0
ID_CyAA9s_20120807,0.0
ID_0xlnGi_20120810,0.0
ID_u0JMXO_20120818,0.2550472730156341
ID_UPYV4M_20120822,0.7400494251915902
ID_LBT93n_20120827,0.0
ID_UKoOuT_20120904,0.5518608579251082
ID_puNO2D_20120905,0.4482963538103503
ID_xRx83x_20120921,5.095944297110188
ID_GFQgzj_20120923,0.9179516426151196
ID_63Z07Z_20120926,1.3134915200298813
ID_uz5IlU_20120928,4.1682897918922
ID_JloabL_20120929,2.8665908117942873
ID_GLEar2_20121007,4.023895505837434
ID_lzvYoS_20121015,2.4082784298254882
ID_ZOA0ig_20121017,6.942550799943631
ID_91YanI_20121020,3.0316004781515065
ID_le4Zgu_20121021,5.973237607417463
ID_ooPgTj_20121022,7.226316286562455
ID_JRcJEY_20121024,7.2855092145591085
ID_XVovMe_20121026,3.0679636228531564
ID_Iyj8Uo_20121029,7.775324366888075
ID_WhS3EL_20121031,11.185758180257494
ID_uWZXm3_20121104,7.78659062470164
ID_0ZTMyG_20121107,4.8067805279153655
ID_O4hulW_20121108,5.448725421276743
ID_8CqgGg_20121110,3.5519880244047184
ID_eSZDOi_20121113,11.488273712800101
ID_mdLzKq_20121115,10.109304725976472
ID_n3MoEB_20121117,13.999094376839002
ID_RYdYAz_20121118,10.225485132223886
ID_UoRsDL_20121121,8.087170755351094
ID_UfEghG_20121122,4.993756384871562
ID_yUO9Vk_20121123,7.714926658721229
ID_s4Yh5i_20121127,3.984343381080446
ID_aOuG7Z_20121204,9.79237306893751
ID_xmRAV1_20121209,10.09555480991043
ID_va7m7K_20121210,2.7348526596306812
ID_LpZUcN_20121211,4.841320705793307
ID_lvRyZX_20121220,10.772761519464028
ID_juEU6E_20121226,3.6141370664742083
ID_hd9YtI_20121230,13.240501071206602
ID_E2DrD3_20121231,11.335351668984249
ID_jFjub9_20130101,4.3014365839257795
ID_434akE_20130106,4.215733803669655
ID_ucJD2Q_20130107,4.111852592402207
ID_pkc5aa_20130108,7.803005703476786
ID_hGQUYi_20130111,7.147288209805755
ID_X30JM8_20130113,3.466798133451704
ID_FUMhEP_20130118,4.574777641053622
ID_49QdL1_20130120,5.647735292689729
ID_kNxrEq_20130121,2.266970817616746
ID_KOS5lP_20130122,2.21699085014165
ID_9teJw2_20130128,7.130853970061232
ID_13aUBx_20130131,8.57074037160196
ID_McNuFz_20130202,5.961134660340599
ID_4Ye2BO_20130203,4.39502197754997
ID_TYVrqE_20130209,9.27579095006884
ID_hmncJZ_20130218,11.166496284815727
ID_wqxOoh_20130223,5.720210483456377
ID_iFDY7O_20130303,6.017943592863652
ID_hpIZoj_20130304,4.17668652417216
ID_N2yLYm_20130307,7.443501956898128
ID_lMzjZe_20130308,14.240109024345319
ID_0SJKaa_20130310,6.832729273188312
ID_b6DW1Z_20130314,6.389374690241946
ID_NtBKR7_20130316,7.410558270324801
ID_I98JA2_20130318,6.927666764975138
ID_SBdTmQ_20130319,5.984460137370883
ID_ORVvzm_20130320,7.43931865833467
ID_MLHqil_20130321,7.781233325980509
ID_3Ckcph_20130327,7.248382326868871
ID_PHyjMc_20130329,7.923671532748506
ID_o0nKIy_20130402,13.63950264986853
ID_AebPIR_20130404,18.473464322189287
ID_Fl8hBR_20130407,10.530631131312731
ID_TbmiZR_20130411,3.4021885430188257
ID_LTsKBB_20130412,2.319774707234309
ID_cNKlpf_20130415,4.583474038811289
ID_ADGruZ_20130419,9.725228747438782
ID_WGySyu_20130424,8.590568929273456
ID_MSN7JM_20130425,4.378267155628722
ID_al4spj_20130427,4.913022217692295
ID_OQI58P_20130430,15.399653298407864
ID_c8gx29_20130505,12.656241032819135
ID_6Ngsg9_20130506,12.924031995326024
ID_O3H8KA_20130507,5.603637066107799
ID_aRcvF8_20130509,8.353891826056627
ID_NYSq5U_20130516,4.66261155705439
ID_iMGAMm_20130520,7.0997560327975116
ID_xCYLw7_20130527,2.0697854860254243
ID_QgDJwT_20130529,3.0600033610822726
ID_P1dHd6_20130607,0.16392203005278108
ID_3qgMNX_20130609,0.11145389319254358
ID_3vdPy4_20130612,0.16051714591159652
ID_I5m8xl_20130614,0.034585024574598576
ID_CYnVxe_20130615,0.09014338515764098
ID_BTPw4p_20130622,0.0
ID_bSZYX9_20130624,0.0
ID_E9bSo9_20130626,0.0
ID_MPFAtz_20130705,0.0
ID_1VsDkQ_20130716,0.0
ID_18jy9F_20130717,0.0
ID_CJxJA7_20130719,0.0
ID_xfpTRp_20130729,0.0
ID_OvHzMK_20130814,0.09795756074122698
ID_icK6cn_20130815,0.025656096939203857
ID_7LtBsh_20130816,0.0
ID_17mROR_20130823,0.0
ID_T8f7IM_20130828,1.8898025529942957
ID_fvi7mk_20130831,0.0
ID_73qWlF_20130902,3.0239589024480202
ID_SukOBh_20130906,5.695162185481214
ID_jM2Mao_20130907,5.48724114314642
ID_PMm5qD_20130913,1.2276937529527816
ID_yFKqBb_20130922,0.43248688956595294
ID_ZC96cW_20130923,2.4889849957301675
ID_1sLg7E_20130924,0.4340727929641589
ID_0GRoUW_20131002,1.4351653937575957
ID_9QHQBP_20131003,2.9018896319221854
ID_99CQPK_20131006,3.3998048517949457
ID_rxkiJ8_20131007,3.960519024820742
ID_rKbRv7_20131015,2.5218851564596947
ID_scYhjf_20131023,2.4687146911442914
ID_EuSnb9_20131024,5.894429808437021
ID_qSlmeB_20131029,5.841205573152559
ID_zwS8Ro_20131106,4.206141551243235
ID_wwUQeJ_20131107,7.4807535928314906
ID_l0IKrq_20131113,13.759635741916632
ID_Snoo7P_20131114,12.106426444433518
ID_3NVj82_20131118,8.906798757353403
ID_eHPMD4_20131120,7.130838384679508
ID_klfRru_20131121,8.012964093669773
ID_JnSawW_20131122,8.916387671866437
ID_tloMvz_20131125,13.697390880588406
ID_83g20G_20131126,4.588091829528993
ID_Xhtu4s_20131128,7.084476883110436
ID_CaTbKt_20131203,10.375705896496871
ID_beyGya_20131204,6.1170511824578595
ID_KjvBAb_20131205,9.375087277424416
ID_G0hQOq_20131207,8.990367831060311
ID_GpzmAL_20131208,5.775976462178678
ID_Gusg4S_20131209,11.017223036835526
ID_6QLpiF_20131215,9.392263991174257
ID_wOtFme_20131219,1.68146181797926
ID_VBsWVW_20131222,5.837129396955351
ID_nVBvSm_20131225,18.492057156913397
ID_6YAFLg_20131227,6.78250192845178
ID_zFIsMf_20140108,3.7205388466474325
ID_XCBQE1_20140111,11.206001985069687
ID_XlXSAi_20140117,5.7870710496373885
ID_tqGOJG_20140120,4.418900433357033
ID_JA0o1F_20140122,7.196280827116664
ID_XLUuR4_20140123,12.474919561093193
ID_SdPeN7_20140125,6.37642326324776
ID_ZJosqu_20140127,5.0444815708640816
ID_4kk5dg_20140131,12.333879563411832
ID_eiu84f_20140208,7.317717688939125
ID_AcWEAQ_20140210,4.615185589070495
ID_oxzw86_20140212,3.0257654429519403
ID_lRDLmT_20140213,3.268097885564824
ID_A4Tnft_20140214,4.129764844313664
ID_nCX0Za_20140222,7.338174363261608
ID_dTKjYS_20140223,7.541947297494644
ID_5Z5tLY_20140228,5.325830888952513
ID_OxQH3S_20140307,5.407642620068861
ID_jh5QxV_20140313,2.413271364692466
ID_XzjLRF_20140314,3.8825577200464725
ID_XZIy9i_20140315,5.387469804938706
ID_ysCO8C_20140317,8.919667783733694
ID_F7wIHV_20140319,6.53960601275372
ID_xR3h05_20140320,2.5097071194472504
ID_mfVeoS_20140322,4.660394019972394
ID_b76D9v_20140324,5.798740032553599
ID_d1qDR3_20140326,14.585108429404064
ID_nYAdFu_20140331,4.00283983266902
ID_WhOWY3_20140403,7.967333760097858
ID_mLkGCy_20140404,6.02914454251092
ID_7FOIP4_20140407,3.5384953042628564
ID_ft0QYS_20140414,5.466734310457799
ID_HjDY3M_20140416,5.7555432926782615
ID_bJnk43_20140419,4.574728443408421
ID_5qY0Pc_20140428,3.4165494595259056
ID_XAC3jG_20140430,6.9622888382003225
ID_26VY9c_20140503,11.545121757684766
ID_YNp7dI_20140512,11.019793922563807
ID_csVtcQ_20140513,5.7324998549719
ID_rLrp6t_20140515,8.003243518001664
ID_VskBkB_20140520,4.3533745849536984
ID_NzxvYP_20140526,4.7752178467442885
ID_x0CEv6_20140529,4.12119083030303
ID_fZ09tO_20140531,3.469965324073501
ID_EqfbYv_20140601,2.6723883044330012
ID_tC77yr_20140603,1.3610082892299233
ID_Yopv4t_20140605,1.4861803682660477
ID_UeUmIn_20140606,2.3717769195424783
ID_RhV5vv_20140607,2.795563800878611
ID_KDLUzP_20140609,0.6068824683006785
ID_IZl4DF_20140612,0.9020861217431728
ID_RSx4aP_20140615,0.6093437175385986
ID_Mk0McR_20140618,0.03651032843228179
ID_W0diQm_20140619,0.0
ID_YZtXuO_20140621,0.0
ID_DdFCix_20140623,0.0
ID_uF8lzV_20140706,0.0
ID_rR4GZe_20140709,0.0
ID_ZBp5QD_20140711,0.0
ID_F5cvU7_20140713,0.0
ID_CsI3Gg_20140724,0.21986527714659268
ID_2k6xl0_20140725,0.0
ID_XQGTUD_20140728,0.08273645286923859
ID_xxtOXE_20140729,0.0
ID_sMteM6_20140731,0.0
ID_6zpXC4_20140803,0.0
ID_2IB98f_20140822,0.0
ID_5GMcgO_20140825,0.0
ID_1Ko4fL_20140827,0.487622818218423
ID_Zj7bfu_20140830,0.26836779167025065
ID_7sLMTc_20140831,0.016257875807703336
ID_1S1PHI_20140902,0.246123057708142
ID_Idvs1x_20140914,2.49888482157748
ID_t3OvLi_20140915,2.4555766657429428
ID_sWa1IX_20140917,3.8813984364510166
ID_gPiBgo_20140918,1.3220588918749439
ID_ZsoSh0_20140920,0.5731045903532186
ID_S0nJ1N_20140923,0.6004662131965521
ID_ggJfSc_20140925,0.21506951904436192
ID_mVCybw_20140926,0.8285733780131154
ID_WiZ4hP_20140927,1.3804791045589533
ID_dL6bLm_20140929,1.8131337464835706
ID_ymN3qR_20141003,1.666363809994149
ID_Unl5wJ_20141005,1.2355152288626337
ID_Zb2OCv_20141006,1.695712381030203
ID_MrjnIY_20141007,3.3703687155498057
ID_O6G6ns_20141008,5.58324152273387
ID_fQy8MW_20141010,5.56534537136851
ID_x2L3dL_20141012,3.184005224555697
ID_0nrnXd_20141013,3.8372058422324424
ID_lb9rdX_20141014,1.6933260332852342
ID_VoZgCx_20141018,2.6177293975821785
ID_3KcdUV_20141019,2.9895632073253653
ID_MiVruC_20141022,4.179613825057136
ID_AXJbgA_20141023,5.4883243601927205
ID_lhYwSR_20141101,8.690551015835482
ID_KiOTLq_20141103,5.461699506737882
ID_63rf89_20141105,14.931018534222549
ID_8pM9Hv_20141106,9.342337536358176
ID_Q9MvwS_20141109,3.779545931840369
ID_lo6Mto_20141113,11.75892932744743
ID_cpn5Mo_20141115,10.68408382859465
ID_l89CkN_20141116,5.580115863446022
ID_QpIYez_20141118,18.585488333917066
ID_H9NYqr_20141120,6.8019491903353
ID_6PzqDP_20141122,7.734226693807333
ID_5oRpSf_20141124,16.85686591510613
ID_Ytz8H8_20141125,7.030614924986472
ID_kmcczY_20141213,6.515534874201131
ID_osmp0u_20141214,6.978293173001172
ID_BEC1rS_20141219,3.121526187446173
ID_JUX2Ih_20141221,6.136633368967765
ID_g6I6A5_20141224,3.841964786580797
ID_ediK5n_20141228,2.9042601951646705
ID_J3K49P_20150106,3.171082466618013
ID_9bGSfk_20150107,2.2607871840447484
ID_Cipuqi_20150108,1.7751949702604877
ID_z65R1B_20150112,1.49437838752247
ID_sdlFmz_20150114,2.5692376872403795
ID_469QnQ_20150115,2.6692285999180143
ID_PVzT72_20150119,1.530112842055888
ID_0i1ZP8_20150202,3.856794059537573
ID_KcsRmh_20150203,3.0869784327191674
ID_mzEln9_20150204,4.398170988831085
ID_WPOGC2_20150206,5.236902951042946
ID_FGRsSD_20150208,5.658622543953504
ID_1Gpjk0_20150211,1.153078403762781
ID_PThXpI_20150214,3.5395645164796923
ID_O6XKPr_20150215,1.9388748563330929
ID_bgrFCt_20150216,2.241721743481234
ID_zUVmas_20150217,16.18807799256804
ID_udOlj9_20150218,6.991067573549969
ID_pk8CQV_20150221,4.975502401006384
ID_melxBz_20150223,5.861099579160566
ID_OPNdJo_20150225,7.477571565941034
ID_9wobPb_20150302,7.556486222845792
ID_xX9Ist_20150306,4.953198871674672
ID_QfUlZi_20150307,2.8688801928933207
ID_SFKXhj_20150308,3.2815709130307193
ID_ZaaGOi_20150309,7.867456377329977
ID_FSaRgp_20150310,12.935156962399537
ID_xslp0C_20150313,2.067885171090048
ID_gU0JAu_20150321,7.101649173484014
ID_xq3zDt_20150323,7.7562359090182005
ID_kzp9ke_20150325,6.831957422027849
ID_8fmYej_20150404,0.3615420297404436
ID_cKhMts_20150406,0.13281203241563458
ID_oxOWLD_20150409,1.8725738834577612
ID_SKxpaX_20150411,5.01773055677425
ID_e3AAbq_20150419,5.807579659875767
ID_zs1coK_20150422,2.765212469245842
ID_G8CruM_20150426,3.9497696688818746
ID_1LyP71_20150428,5.123231343212605
ID_rNPQOo_20150430,8.336227122903281
ID_FqGOqL_20150501,1.9871714053164276
ID_wyE8O3_20150509,5.935963702442685
ID_HdaFRF_20150512,9.932864656583241
ID_TooYJ3_20150516,6.332431380394814
ID_LTnin6_20150517,6.959480965083171
ID_kJ7hL2_20150519,3.9588768404224086
ID_mJ4Uma_20150520,3.9345602573045433
ID_7Kc4tO_20150521,2.3694112861238437
ID_9mAhKP_20150526,1.2486845147547443
ID_b4dMW7_20150527,2.173003669439987
ID_RU6IUX_20150528,1.7005989062820444
ID_IqK7CK_20150602,0.3540647263560331
ID_P51Tps_20150607,0.10189793083405717
ID_SGK394_20150616,0.0
ID_kFUpBB_20150619,0.0
ID_vJ93yB_20150629,0.0
ID_1dYI61_20150705,0.0
ID_QQ6bjV_20150716,0.018175958812121286
ID_Yhvesw_20150719,0.0
ID_ktIfq6_20150723,0.0
ID_m0FvIy_20150725,0.0
ID_HuNSLR_20150728,0.0
ID_IgMd8M_20150805,0.15802306895936077
ID_eTD5mi_20150815,0.08980653032860092
ID_5qgjHj_20150816,0.0034198684431905654
ID_1PjPjj_20150820,0.0
ID_OXadis_20150826,0.21743192923834154
ID_qB7QE5_20150904,0.07260318743521163
ID_sFH5WP_20150909,0.8699407147409072
ID_YQaaI5_20150910,0.29551484808170203
ID_pghYcw_20150915,0.3498166071628904
ID_VZtWxx_20150918,0.6485533569202839
ID_J3dG2E_20150920,2.3446941450006262
ID_U4m3HA_20150923,2.0677173062638894
ID_mdIoNU_20150924,1.1808733802804097
ID_5cNZUq_20150926,1.5949239435463678
ID_qOLEms_20150927,0.8781228235916241
ID_k5Bw5O_20150930,0.9671277805922361
ID_r7bhNq_20151001,0.6383891205322721
ID_TQHuaJ_20151006,1.0301796678842676
ID_Bcwj6T_20151009,5.747877365156652
ID_qfXioH_20151012,1.679407885895089
ID_60WOMG_20151013,1.9642487175954628
ID_bOdAr6_20151017,3.4173921952361868
ID_KUuBWZ_20151019,1.8110857584053246
ID_dsIZjB_20151020,5.952347832277912
ID_lChsAi_20151023,2.209277578739467
ID_5RJlWB_20151025,0.5629072668719154
ID_VFus9h_20151029,2.8872907381661435
ID_CFIyuV_20151104,3.349386380439638
ID_T4YMBb_20151106,6.785769424566682
ID_wyTKAO_20151109,9.872768242925558
ID_KAOtno_20151115,4.226242996639928
ID_hy1de7_20151116,4.8087539750503785
ID_xYEWif_20151117,5.120120054477614
ID_NkJARM_20151124,18.854751994776368
ID_DFsj8v_20151125,11.725860524899817
ID_P0MhGG_20151128,27.732241370355084
ID_HM1z8N_20151205,16.09392347501153
ID_DKfSvN_20151208,13.099056155080763
ID_rIabbE_20151209,12.41601327445932
ID_crXTSx_20151211,4.981527457381638
ID_RSJxOi_20151214,4.172926293509766
ID_0TMqrF_20151215,5.481742117386211
ID_eDWOFo_20151218,13.711396376142023
ID_7LMGLH_20151222,4.972961573486658
ID_czs2Ff_20151223,3.4347405125578767
ID_6VX3dM_20151227,9.254294942122117
ID_7agrzC_20160101,2.649857969582546
ID_HMnjXI_20160104,4.92630989499967
ID_BvT09W_20160105,6.0837795674337105
ID_VzQiLc_20160107,13.051855357121964
ID_smsKzN_20160119,4.024410644790641
ID_xetu64_20160125,3.9577985768134263
ID_DAYLNi_20160130,1.7807076963853825
ID_NT7RQC_20160131,2.753117792050244
ID_lOF78R_20160201,4.774580985877365
ID_NYraie_20160202,2.259657695883171
ID_609Vih_20160203,1.5064366893090093
ID_g8KcEm_20160205,5.092495515759822
ID_MNYloo_20160206,9.118723513766103
ID_87jBqE_20160210,4.412883900907954
ID_ifO3Hx_20160211,3.704696901240904
ID_CDUz0E_20160215,4.455127706568878
ID_B8AG6r_20160217,1.4807084460241966
ID_u4Z89i_20160219,5.63341817086609
ID_6SnC6Z_20160221,11.414448229441954
ID_TFODoH_20160223,25.272163947566533
ID_Ve0Wpj_20160302,14.140516087730285
ID_7PpIKA_20160304,7.55905901761567
ID_i5vEbZ_20160309,3.1027666103846996
ID_HRfm91_20160316,8.211844089487835
ID_XJFEor_20160319,5.936971170135631
ID_mcmfzo_20160326,7.202422648381158
ID_JKNtcy_20160327,5.218432115657109
ID_T3z2bW_20160330,9.80682546793264
ID_62vbLw_20160401,9.9976952558451
ID_KjkpHU_20160406,10.638079973955074
ID_8wwzx7_20160407,10.46988471124263
ID_DeahcF_20160417,14.03146107248947
ID_LuhemH_20160422,5.897207273206448
ID_R6wzNf_20160423,7.892027571683456
ID_mdH0o4_20160424,11.488679711753571
ID_pFnlxv_20160428,7.087102397891972
ID_T6hs9n_20160430,9.20625852734357
ID_JDxYIe_20160501,7.247153121658831
ID_xJ5XtY_20160502,7.051310313698668
ID_YChRo9_20160505,7.7233248718430385
ID_jhfCNZ_20160510,7.342468638164759
ID_lrJpCL_20160512,1.146435310403934
ID_uNHHRG_20160518,1.2044340698772835
ID_dYZt4W_20160520,0.5591055398511345
ID_VVOLpY_20160526,1.3732911194744069
ID_jCD2pC_20160528,1.5845513914467677
ID_no9xGi_20160530,1.2165253968851417
ID_N9vvvW_20160531,1.9648756528789972
ID_0glZRq_20160604,1.2850607643153487
ID_VjdphP_20160605,2.5041509791283083
ID_7ykD8w_20160609,0.8124607073314125
ID_0Rynou_20160612,0.0
ID_sYKEl0_20160622,0.0
ID_R1dBWU_20160624,0.16225150328386145
ID_Y4Lg0C_20160627,0.0
ID_88slQl_20160628,0.0
ID_rVAorB_20160630,0.04077887730870995
ID_2jW6CU_20160701,0.4488540072536896
ID_UTIwtn_20160702,0.4027828369451369
ID_GFfJt8_20160706,0.0
ID_HDj1LZ_20160715,0.0
ID_l78djf_20160716,0.0
ID_ZWmWZS_20160717,0.0
ID_gg8otV_20160723,0.0
ID_Gi3aAK_20160727,0.0
ID_6uvGRF_20160804,0.0
ID_fDvliu_20160810,0.34764027521188595
ID_RNYpbr_20160813,0.0
ID_CbVaZn_20160815,0.20268662258921283
ID_AXB7Nn_20160819,1.2960827900260994
ID_8fYQix_20160820,0.5572860354218494
ID_AwGs0T_20160902,0.31568564269484356
ID_bWB3jG_20160905,0.8720676045201594
ID_yPU4Ez_20160911,0.5083833149195964
ID_jMYpc4_20160913,0.3367142262625356
ID_BrehgX_20160924,1.0532187761034442
ID_OW1Ldy_20160928,1.6696146601278596
ID_hWtugu_20161006,1.3505493023861246
ID_0C3ko9_20161007,5.971156559935232
ID_HgyADN_20161012,2.1451878566406437
ID_Ymn0W1_20161014,5.234984115041899
ID_KaUTR9_20161020,3.144417018861217
ID_6GtuTS_20161028,5.95667289174158
ID_tt0kbu_20161108,4.648379799392086
ID_tAWx5c_20161114,7.738959763144495
ID_qdIhNE_20161117,7.956327929186352
ID_xo7cAz_20161121,20.028777298406943
ID_nmMbuN_20161123,3.74362681001396
ID_kU4mJj_20161124,4.519862471818795
ID_3dyH9O_20161126,4.533759941777562
ID_dg5ysG_20161127,10.21746496642729
ID_ZC5Goj_20161128,7.80206394118635
ID_CEP2l1_20161130,6.965666515576991
ID_1noin4_20161201,14.889030314817271
ID_DU12wg_20161206,6.876337731464023
ID_tJGLiD_20161208,3.321787116344079
ID_LiJakW_20161209,12.51616154611429
ID_9ES2kx_20161210,4.128657819472831
ID_dKhp4o_20161222,6.07094088565775
ID_hwFdKb_20161224,19.59869320392395
ID_9rpBfD_20161225,7.102902265580629
ID_zHUQrQ_20161230,5.536709554901476
ID_MNSHiV_20170118,5.220712861436012
ID_ZZ2tH1_20170119,3.4169627431826504
ID_jSdD2y_20170121,5.876852378524288
ID_JGbWjC_20170124,4.541118953549592
ID_cGHbB3_20170125,1.3162714450925228
ID_X40rrr_20170129,8.045383201841135
ID_fD4JXe_20170130,2.8984597427681997
ID_TIDujq_20170201,2.358688314631429
ID_cvzCh6_20170202,2.4992872685320213
ID_kL743u_20170205,2.573335610223223
ID_cq1hAn_20170207,5.139445210734503
ID_8myReV_20170211,10.56585215059289
ID_9rry4F_20170213,2.505485596726049
ID_ad9Rp5_20170223,5.052645437032724
ID_w9Kx5A_20170228,2.2206142921442873
ID_W9y2qX_20170302,2.349991061278454
ID_DgvITf_20170304,2.7595577570500756
ID_iDklng_20170305,8.52168486676616
ID_swwXHH_20170307,6.616120987092861
ID_NITL7O_20170315,11.228032976915948
ID_YaKWjD_20170318,4.0178786558736395
ID_f3cg0x_20170319,8.856039295087383
ID_plwHf7_20170323,5.389165887592399
ID_NM9a8z_20170325,1.8115777425314448
ID_cpK4AM_20170331,3.659297499712672
ID_6Ctq6Z_20170401,9.103998300972911
ID_TvqSp1_20170404,3.6614882019743984
ID_cX0udg_20170405,7.879566533436559
ID_lK8R1K_20170408,5.301958298064733
ID_NOaKvn_20170413,14.222403770108318
ID_2IZ5C6_20170417,7.556439793599683
ID_d0zztL_20170423,9.889502085333303
ID_EtnMas_20170427,2.3122390442965437
ID_9rMHrx_20170501,4.240794638105127
ID_jy9PmT_20170502,5.461825913650294
ID_VqWwuL_20170504,8.565636266599379
ID_25blRS_20170507,10.037959683682095
ID_NgOSu3_20170510,11.29712509935313
ID_Q7JJxr_20170512,3.7519393201159765
ID_fWJzDq_20170513,5.921852849845658
ID_UCrrmZ_20170516,4.14905267223248
ID_8nMZ65_20170526,7.855825129107569
ID_bdZYyK_20170529,1.9093110966253206
ID_uF5v3g_20170530,7.109445538484138
ID_wJq0rc_20170531,2.4385500934444857
ID_PiO7e8_20170615,0.2505505694508639
ID_xpm15x_20170620,0.8119378238642425
ID_CiGN3u_20170621,0.651877959164466
ID_HUfk6m_20170704,0.0
ID_fBaYlO_20170706,0.0
ID_ILwJYs_20170709,0.0
ID_b75szW_20170712,0.0
ID_tJB5ii_20170713,0.0
ID_yaEyVt_20170714,0.0
ID_mNaTp5_20170720,0.0
ID_ydJM3b_20170722,0.0
ID_r6jANZ_20170803,0.5634116399753022
ID_Netsd7_20170810,0.0
ID_c7N9G0_20170812,0.0
ID_B7FhNp_20170816,0.0
ID_FHsjP1_20170820,0.29434766831250275
ID_YCeaV2_20170821,0.0
ID_bYGqCG_20170903,0.005613716708432221
ID_wYjIVL_20170908,0.26977717960418285
ID_yELaD3_20170911,0.5792631888360834
ID_I5uA4y_20170913,0.6081337730932048
ID_oHeIaO_20170914,0.4025456506569025
ID_e2BdVX_20170916,0.1348764352978176
ID_OUTiw2_20170919,1.9882944515611565
ID_nk7Tr8_20170920,1.9857475351639968
ID_0RgKZv_20170923,1.0315521809422747
ID_nbgDyl_20170927,1.6066527152895191
ID_aFTL7S_20170928,12.716117767125386
ID_fdNX0K_20171005,2.8240805781478135
ID_bd0wns_20171013,3.84486344806643
ID_nF6xlE_20171017,3.187741442217029
ID_aNvc7u_20171018,2.7772661648274446
ID_0LA1Rf_20171021,3.00245482786717
ID_I2cTxB_20171022,3.6019604774806275
ID_OiQqEC_20171028,12.897576686085403
ID_A5SFZS_20171030,15.94371812514008
ID_hgGR6s_20171031,3.667410967028913
ID_jWR3TU_20171113,13.490641556972589
ID_rlzkF7_20171120,4.597487060741139
ID_LN833A_20171121,12.168221088189046
ID_nGcIET_20171122,10.613843556022507
ID_NFTVHZ_20171130,13.813292676700689
ID_OloZek_20171203,6.265941833713153
ID_jqF23X_20171205,19.272750666288488
ID_vQLct5_20171207,6.506225540092713
ID_NNpoqa_20171210,16.24743457289564
ID_kJHNRw_20171212,6.291010537115269
ID_2fEMce_20171216,7.907870593570558
ID_1KnY8e_20171217,7.592564774256135
ID_Ri54mX_20180103,6.414596489473541
ID_DINTGO_20180118,9.657821564771385
ID_J2nAre_20180119,5.150824987369153
ID_nZvajC_20180122,7.625863029080324
ID_T9xDas_20180127,2.4643147081004178
ID_Ra8ILT_20180130,6.715533132370464
ID_Z4vKBq_20180131,3.426083298507219
ID_g2KygH_20180202,3.4760753992609525
ID_OSSj42_20180203,5.270288746510571
ID_b7fOki_20180212,4.8448804527951586
ID_wtx6fR_20180222,11.720483348049308
ID_fRjzDm_20180225,10.672577814249525
ID_Ni6MMw_20180228,4.993091600768329
ID_YmDiUi_20180304,7.365370898424999
ID_A1NMdu_20180307,0.7420373941103232
ID_l5Og4d_20180308,5.120668444963726
ID_zBvfon_20180311,2.4947649926890567
ID_er5wbR_20180312,2.332680835132182
ID_595qp7_20180315,3.5865933307236206
ID_fTJRFg_20180317,7.284044745010635
ID_r2eujW_20180321,8.91404775757001
ID_S3S2QE_20180328,11.543381230194429
ID_QVw3mj_20180330,2.3304364191979667
ID_vqowhf_20180401,6.332355117649194
ID_r4zlCk_20180403,6.272883262136352
ID_sSb77i_20180427,3.6881291281405226
ID_MMAocM_20180428,4.32717906074783
ID_s326C9_20180429,7.6982516538116545
ID_M0j9jN_20180502,6.169435504692534
ID_vUW74T_20180505,4.6479606959037625
ID_lFCBt3_20180506,7.887102080312076
ID_EmmpGr_20180507,7.999020092303509
ID_Di6jMk_20180512,5.7620205837665575
ID_YQ3N92_20180517,4.139428940042916
ID_eLkW65_20180522,16.367770364946285
ID_wrS4gV_20180523,5.3364010415632235
ID_vv9DZb_20180603,1.519519309725534
ID_YREbcN_20180606,0.03232535281892215
ID_ujgLUY_20180608,0.0
ID_JRmGIt_20180617,1.4631001714684344
ID_V3Wvlp_20180619,1.617464778715625
ID_hua6MV_20180622,0.0
ID_bKIxD7_20180623,0.0
ID_0ho5pC_20180626,0.0
ID_JvVI92_20180628,0.0
ID_lt22Ny_20180630,0.0
ID_9Axnqj_20180701,0.05310447335333875
ID_9Q1KDR_20180703,0.0
ID_yqEOiw_20180707,0.0
ID_lEdzwd_20180712,0.003670692602146863
ID_jzsFuB_20180717,0.0
ID_tnoTsx_20180719,0.0
ID_LKJM8a_20180723,0.0
ID_f76I0O_20180724,0.21020243260412672
ID_cS5UUr_20180725,0.5079938433246297
ID_RXozOJ_20180726,0.6000605980421007
ID_Kjc5FS_20180729,0.778415934070588
ID_Xv1VaP_20180730,0.378237680188743
ID_7avgnc_20180802,0.3469317801787426
ID_wU5jOi_20180806,0.0
ID_QUIsNO_20180809,0.0
ID_sNmYqu_20180818,0.0
ID_LWwgkw_20180821,0.0
ID_5OfbQx_20180825,0.1782593191497291
ID_xKOQFD_20180826,1.1338954137326356
ID_hZO7DZ_20180829,0.6149333236830512
ID_2Zo3fR_20180831,0.36314144097253903
ID_o3UGga_20180902,0.3722942701020979
ID_iYG32g_20180903,0.6977065060332569
ID_qkmDQi_20180904,0.6572321442199954
ID_23RIhM_20180905,0.7880944498619686
ID_yTbaWH_20180912,1.6498138039802652
ID_9WACmP_20180915,3.9922121483938025
ID_0dYXjg_20180918,1.6895403907179753
ID_tYQist_20180920,3.2745193335556624
ID_cqrMfl_20180921,1.4981110698986195
ID_nDimzN_20181012,8.401184535774243
ID_S4EhUn_20181013,8.251266725329794
ID_eV7xN9_20181020,4.696474544436227
ID_wvyuCK_20181026,5.134613177901802
ID_jvd36P_20181102,9.525725570543237
ID_0v2gtx_20181104,2.5269972718225193
ID_DMNwF6_20181110,6.095424124580206
ID_tkn0dX_20181115,20.665574963830824
ID_4apIGD_20181120,14.969255896940728
ID_Rnxwj3_20181123,2.594401165877253
ID_eO9rel_20181125,4.089685895400852
ID_vLuOSt_20181127,6.110912329496874
ID_1GruvR_20181202,15.702852108136119
ID_Wog4P4_20181205,5.785203659611948
ID_NYsozs_20181207,8.62917131341253
ID_xp50i3_20181208,26.98403948298999
ID_tSoN1K_20181213,8.416491452121912
ID_8BqsnW_20181214,9.037046244487234
ID_OFM9lE_20181218,9.90456539343424
ID_pOc93e_20181221,8.163425767957879
ID_0xNFWY_20181224,14.873203051702598
ID_XI9gkR_20181227,14.37193847651341
ID_P5tpF3_20181231,10.750525685324012
ID_eWYxe7_20190112,5.797208547227936
ID_JgHEtJ_20190113,11.247863029192159
ID_YIpFvh_20190119,6.260094369501694
ID_TYljkZ_20190122,5.275663682708861
ID_AGm71w_20190123,2.7965281631554766
ID_hXUoda_20190125,2.2429508426664526
ID_pnx88j_20190127,8.621432761109812
ID_UAKu1R_20190130,8.324368239748232
ID_gNg5Pt_20190201,6.35171719646393
ID_N3U1Pi_20190202,3.2194978700985892
ID_przlLD_20190203,1.3872701437502588
ID_12ErfH_20190205,8.031705969431728
ID_3Qa0DY_20190206,3.6694000595828826
ID_9WZ20o_20190214,7.106706175812733
ID_Cg2hDn_20190217,4.855483257473861
ID_MpQcPF_20190219,1.6778435748960716
ID_pmJhpq_20190220,3.98195730321786
ID_mnTzwv_20190222,7.429861423626704
ID_JaIhCv_20190302,3.4241312058461086
ID_HBqEBR_20190304,1.9326587336573409
ID_G4Kc3R_20190307,1.737289137254363
ID_FWccqQ_20190308,2.2938267610093908
ID_WKAzZZ_20190312,1.5675977498962497
ID_jB6BwK_20190316,4.9020733533122725
ID_KeS0Pq_20190319,1.425255126012625
ID_0iSYOA_20190402,4.1138088534896236
ID_0GtA2m_20190403,4.9099973073457255
ID_T3NQJR_20190406,9.517696752391478
ID_8QgyrB_20190408,5.495547171696809
ID_LqXKgK_20190416,2.5428794552329252
ID_KRUkh8_20190420,2.9933457016153677
ID_rB3knO_20190422,3.680968718903848
ID_EWjEqR_20190427,1.3552019231724843
ID_kELEd6_20190428,4.087464797792375
ID_xvqutP_20190430,2.0661817434707146
ID_LwRmHm_20190502,2.247276525042862
ID_bacUDk_20190503,2.4491906442510607
ID_7WB25b_20190504,2.8027329071861713
ID_hRLFuA_20190505,8.315592723107429
ID_ffiT8s_20190507,3.478507483358081
ID_yFDAz2_20190516,3.205533806850191
ID_p5IdFN_20190518,3.417876579159672
ID_56TQp9_20190521,2.8611400360425505
ID_pm7bs9_20190528,2.2919098712960113
ID_s1IV4V_20190602,0.3247458902194769
ID_EFPu19_20190604,0.3186803643073012
ID_ph2CK7_20190605,0.36618167829789505
ID_GKDq13_20190606,0.0
ID_lskS2C_20190610,0.0
ID_mDcwtT_20190618,0.0
ID_v5LsmC_20190622,0.0
ID_rRhZRT_20190623,0.0
ID_idLasu_20190627,0.0
ID_58LVUt_20190629,0.0
ID_cYATAt_20190630,0.0
ID_qwS41B_20190706,0.0
ID_fMyetD_20190716,1.7701770296764372
ID_SLggOs_20190717,1.3924928004045172
ID_tNLTKd_20190726,0.025345277882911167
ID_tOTlHK_20190727,0.2392949048475272
ID_ElCINF_20190730,0.0
ID_fxzXFe_20190805,0.0
ID_DByn4L_20190815,0.0
ID_ZNurt4_20190817,0.0623245779024704
ID_6ErnJw_20190822,0.1862590399657713
ID_sZQybw_20190825,0.0
ID_XcrId1_20190829,0.3528669136714737
ID_v8JkSP_20190830,0.6211595991611721
ID_hmDXn0_20190903,2.772088250824024
ID_xA4ZdJ_20190905,4.468558159850569
ID_dUn7Eb_20190906,3.0892729823752383
ID_AAWV6y_20190907,0.39252051976587643
ID_gcDmnD_20190910,1.2229749033388897
ID_6vQJj2_20190911,0.07563180356448432
ID_8IwyjU_20190916,4.447902807425187
ID_wXk0wj_20190926,2.2585967525465245
ID_ePjNqi_20190930,1.6702780868986973
ID_6O6Y3P_20191008,6.616447275496793
ID_STvSqk_20191011,6.822115004260926
ID_4qdfgR_20191012,2.6880864025475653
ID_29IwwW_20191016,5.002016347133597
ID_eAhZ64_20191017,8.181048493050955
ID_tpteVv_20191026,15.967459547054972
ID_T35NYC_20191101,3.327840761071609
ID_1mJsjd_20191102,6.328097877708559
ID_cJIXDd_20191105,7.00210934018792
ID_2VGzMa_20191111,6.634392814082107
ID_oJlL43_20191113,4.180963401276776
ID_jmfd5C_20191117,16.062043172943525
ID_ZdeLiI_20191121,15.98886866939404
ID_6ALv01_20191127,10.425308753137823
ID_oScrLW_20191128,9.224540453922598
ID_H0szt9_20191205,14.519207325138764
ID_NW6M2N_20191208,8.515649853871688
ID_LKwu8O_20191210,7.849871107893044
ID_W3MaAP_20191215,11.192498171855759
ID_GYxpGm_20191219,16.45194305790176
ID_7mZFdv_20191221,18.30556203076701
ID_JqXGF5_20191229,21.167548319093
ID_owKhaS_20200104,8.08341365331977
ID_kZjYmJ_20200105,5.260854863998626
ID_SXjPjs_20200106,4.829108701714427
ID_buHvYQ_20200108,8.567310201451464
ID_Yldb0j_20200109,22.3536869021354
ID_iGZeZQ_20200114,6.3922000011579785
ID_yU6G7j_20200118,8.711745095818012
ID_jCMh7e_20200122,15.897418525290588
ID_7ltzYc_20200125,5.267178624530769
ID_u4u06z_20200128,10.675241882899156
ID_FOnCSp_20200201,4.943377587612435
ID_xse7fk_20200204,5.133301891573321
ID_heNSCY_20200210,13.859461243313984
ID_FJqilc_20200211,10.280315196918774
ID_dMI9Pk_20200221,2.892009683095048
ID_vzAEjy_20200222,5.1521233494765335
ID_ra5wvU_20200223,14.14601427282387
ID_homwb9_20200225,7.309343809410936
ID_3AYMzS_20200226,16.831434372037354
ID_tL5vm7_20200309,8.690016777809737
ID_GEpTED_20200318,11.950678871477095
ID_fJfmHH_20200322,3.308547568510555
ID_9Qxw3Q_20200323,10.570770205723772
ID_PxCRNk_20200327,12.851408138782835
ID_RLvGcw_20200328,8.03122121825101
ID_6V6suL_20200407,6.761451665921808
ID_t8Wpgi_20200410,13.83382724216487
ID_PuKHtO_20200411,6.768347609708452
ID_6vKGew_20200415,3.724303563897814
ID_i0OGaK_20200416,8.321538504961964
ID_zTXYCX_20200419,9.518172761608332
ID_FmirK4_20200422,5.5783887354316635
ID_myejcB_20200423,8.27256017822399
ID_2uvqV4_20200426,15.703397569929693
ID_dUB4ov_20200507,7.874448391101048
ID_ahp0me_20200512,11.611985256938686
ID_VEBOE3_20200513,16.66175682521392
ID_Ub0zwX_20200515,7.22767411586702
ID_7PW5YQ_20200517,1.0765648276550412
ID_zzX6T3_20200518,3.6743443472970916
ID_kqBe8W_20200520,1.8005797972432
ID_oTsubf_20200521,3.1201094064489845
ID_OXV81f_20200523,2.1632090442743994
ID_XxMiRC_20200524,2.1926229776044552
ID_jpf5xB_20200528,4.689105947157903
ID_qDYJbt_20200531,3.1912116378796496
ID_z3Volr_20200601,8.523794300863969
ID_bPb5XM_20200602,6.463030008380945
ID_HS3A64_20200605,1.0074797031922353
ID_5PkcqO_20200608,1.9856651699417551
ID_gAfzFV_20200610,3.3491052473276115
ID_NNIl2v_20200611,5.139209861383398
ID_EMQkZB_20200612,3.235516448301409
ID_rnRsOl_20200613,0.479398103146838
ID_xeEUQ5_20200614,0.0
ID_EVYbAq_20200616,0.0
ID_SAx6KD_20200617,0.0
ID_Xc7BsQ_20200618,0.42687633318704155
ID_O3jtcU_20200621,0.0
ID_asyhYv_20200623,0.4076130474518343
ID_F1q1zM_20200624,0.3562143316232182
ID_vgbHkj_20200625,3.5023035706506116
ID_ajfZiM_20200627,1.043529272799177
ID_dTsb0A_20200628,0.1068728257919874
ID_ayZxf2_20200629,0.0
ID_oVeWce_20200702,0.0
ID_QggJQj_20200703,0.9607709121418501
ID_rV5Abi_20200704,0.0
ID_kNmQ3F_20200711,4.243472021716922
ID_p249ap_20200712,3.227436376087996
ID_xbHRcc_20200724,0.0
ID_g3uA77_20200726,0.0
ID_vUeMFZ_20200727,0.0
ID_jbUiaV_20200729,0.0
ID_hbIiCr_20200808,0.0
ID_kzIZU8_20200811,0.0
ID_sIIl45_20200814,0.006896869215628198
ID_NfiFUk_20200815,0.19043355548070234
ID_2onNw3_20200816,0.44522365799710834
ID_QScSN1_20200817,0.09215090548608972
ID_tBNYIF_20200821,0.6432701398564068
ID_LdTgrC_20200823,0.9853057751926223
ID_GQ3xus_20200828,1.5675694340111508
ID_0NW2KN_20200902,0.42974395094438556
ID_IddZoq_20200904,1.0486829671087035
ID_ZVMJjC_20200906,1.132472857281552
ID_AzltnV_20200907,1.5013797156906112
ID_lKa3eq_20200911,2.1369914858630668
ID_5rCMbN_20200912,1.7500097747701446
ID_96r7wm_20200913,0.48264809257641383
ID_Pu0EnN_20200914,0.5394373853914367
ID_rXoAAe_20200915,0.6130111767294713
ID_jPPXaY_20200920,1.8962390127025732
ID_a4afIq_20200921,2.000056385080401
ID_Ceh9aK_20200923,1.3559213255764067
ID_kaatE8_20200924,1.4088585242074094
ID_OIHgBa_20200927,1.1653843921567095
ID_Ay8vWt_20201001,3.8789833209748275
ID_7YdE2m_20201002,2.4211352942278683
ID_jaVYXo_20201008,2.1640159438689786
ID_oUP8Zp_20201011,4.154185202798965
ID_1xt3Jv_20201016,7.574301112524165
ID_8Nj8GQ_20201022,11.588428257903987
ID_qkF8GA_20201024,5.963589649768535
ID_pTo0MP_20201026,5.938982519563789
ID_xpSHic_20201030,14.55609420019569
ID_zjSP0o_20201031,12.94457174196948
ID_Fuz8ZP_20201101,4.028670010295617
ID_9uRQrt_20201102,5.09235727907249
ID_43exNX_20201109,14.094291066952886
ID_Kvc4xt_20201110,2.7258914657220368
ID_GqSCHk_20201112,4.578707468434572
ID_rSqqPR_20201116,22.698285368781143
ID_RHQIE9_20201117,7.663730754911903
ID_bf2vgp_20201119,24.276368465329053
ID_n0jEqD_20201124,14.348823381456837
ID_Tvr75R_20201126,17.5057479698995
ID_GPjyRm_20201130,6.318226172469276
ID_PbCoAZ_20201202,17.336047592577476
ID_AiDEFh_20201204,24.779171754755147
ID_ll26d4_20201206,9.39721868517601
ID_q1tVhP_20201209,10.500043074414995
ID_r2vUw6_20201211,17.390618077874603
ID_81XlIQ_20201213,17.422199419584516
ID_DwfmF1_20201220,8.486809350211031
ID_dP1lHS_20201222,5.2027998735346035
ID_6GqKVD_20201223,17.232881725563317
ID_mOkkNu_20201225,9.612715383425654
ID_6nc04s_20201231,11.854900818853203
ID_8QBnWW_20210106,10.495001799150309
ID_jvLOMg_20210108,9.928706996833515
ID_1M9wgl_20210111,4.352407753282317
ID_BRTyOj_20210115,4.171384103753446
ID_FXuMRr_20210123,13.443533675617939
ID_yXptLV_20210124,6.904098295146701
ID_nkF8xS_20210129,10.325534034859126
ID_RPqYMf_20210131,12.197749118191858
ID_MAOOPX_20210201,9.427203086038817
ID_sWpAVe_20210208,14.98138876111991
ID_3u9JmK_20210212,2.968396859229083
ID_QPYm4r_20210215,2.3556698319901184
ID_lq7TIg_20210308,1.6645632075113672
ID_10jXM2_20210310,4.414791304117811
ID_vVBDxp_20210312,12.270095203752522
ID_dOM4QW_20210319,6.15925278646449
ID_1mk1Er_20210325,10.571621221105861
ID_Gf9nN0_20210327,2.542041009885664
ID_7xB3Pw_20210328,4.702198388323513
ID_X0LCW6_20210329,9.288995148074541
ID_M1IH2C_20210401,5.224521069157127
ID_hQe7Lg_20210402,5.372291917003317
ID_tOt9ln_20210404,5.899804993648723
ID_kPIg9i_20210405,5.643773880118456
ID_CgvMIU_20210406,5.081693628729455
ID_NpO0cX_20210417,3.029969761240748
ID_zhVfe1_20210418,6.629401255950522
ID_NW1w9C_20210420,8.898983895456077
ID_FsZNOc_20210421,6.447269205101434
ID_NhLbns_20210422,6.936780012535528
ID_nlymZW_20210423,16.027157364648748
ID_5r1LWk_20210502,4.687918449279425
ID_pZ6IZw_20210507,6.3840047648909355
ID_fU0CRw_20210508,13.634037699985102
ID_dG4kja_20210518,5.666854836480731
ID_2EWolC_20210520,0.6337751577670702
ID_TeFa8g_20210529,0.02780505592642696
ID_6f1wAo_20210530,0.24770752681748798
ID_UrhyHO_20210531,0.3263483636128345
ID_da7bZJ_20210601,1.0260460387229668
ID_4WwcVS_20210606,0.061540088355074005
ID_yJMesq_20210611,1.6248892204900027
ID_uDHXPq_20210612,3.4233659817474087
ID_QEug4X_20210613,1.3779376470003144
ID_7oQKy1_20210615,0.0
ID_r6vfpq_20210621,0.08581468679017487
ID_I7Z4If_20210627,0.651656133422352
ID_kLnI92_20210630,0.0
ID_r8SKCB_20210703,0.032839735523892286
ID_xKNTaE_20210705,0.0
ID_SbZNqd_20210707,0.0
ID_VX3jW2_20210713,0.098394439425181
ID_9lQxjB_20210714,0.09646008445094965
ID_92Gfvk_20210715,0.1013398466453266
ID_bhWMwE_20210716,0.2729989128311344
ID_LnVCY0_20210717,0.0
ID_cTnbSX_20210719,0.0
ID_BwapUm_20210730,1.6903225202636307
ID_AdPGLB_20210731,0.0
ID_Y8Zg8U_20210801,0.0291637619369732
ID_2Hw2pe_20210802,0.0
ID_w7vf54_20210804,0.0
ID_092ZqQ_20210806,0.5043568369152654
ID_qQEtXW_20210808,0.7288176784404841
ID_Ohj1Gx_20210812,0.0
ID_24Kf0b_20210815,0.05365300577911536
ID_zNp148_20210816,1.609460009673974
ID_52wPFF_20210821,0.0
ID_5xADte_20210825,0.9319100023378388
ID_1wZPD6_20210826,2.8988311621586003
ID_ccoKq6_20210904,0.1631246880853057
ID_Dwki51_20210907,0.17413749729703787
ID_Gz4dUY_20210910,3.852145451547606
ID_nX6Sw0_20210915,2.5005566918929305
ID_OQqFVx_20210917,2.228104201227356
ID_9xgV4b_20210918,1.2306770832522218
ID_deAcVt_20210920,0.9249411402244436
ID_3oMJWs_20210927,2.041331591398941
ID_IqG4W1_20210928,4.952305134728152
ID_R9AtKc_20210930,2.9179483389251715
ID_JRmrG0_20211001,4.31029565321459
ID_A7JPgJ_20211015,0.9384657253264607
ID_tai6SC_20211017,2.8329160015803194
ID_2lnlgt_20211018,2.8966429965359537
ID_4RzExk_20211019,7.070591380494889
ID_V0pvpT_20211020,2.880841504436453
ID_GnRFzC_20211021,3.992398142603906
ID_JFQs6k_20211023,5.87054776355495
ID_Iv4rou_20211026,10.99964589509261
ID_uuzhRH_20211029,9.513057489181763
ID_IQ57xK_20211104,6.37335462702184
ID_dyEvh3_20211108,4.167941645410153
ID_oJ8Ftp_20211112,2.1889980442005204
ID_fHtWKF_20211116,8.152727251676186
ID_Yk99Uo_20211117,7.713570843565195
ID_ln8GCV_20211124,2.3978944565679154
ID_XGJHk0_20211125,20.9498100740047
ID_1ttOYv_20211126,3.1843386902340445
ID_LpYVly_20211128,3.2025096492860285
ID_EjwvhD_20211201,5.643975444808458
ID_FdCfvU_20211202,8.720622846257609
ID_pVS5co_20211204,5.760121902588304
ID_mUhLvV_20211205,3.332012799168056
ID_N11L79_20211207,5.998659681823876
ID_qQJ3hh_20211208,7.93095713521452
ID_mAGNle_20211223,8.220226170498615
ID_YYkard_20211225,5.5370658655827185
ID_85iYr2_20211226,4.122915071968017
ID_2krz5K_20211227,14.68775300392424
ID_4O9Kq6_20211228,17.22438729176581
ID_IGUY07_20220101,4.708247057777303
ID_MIW5tv_20220103,10.018591625501289
ID_H7OZUT_20220105,5.051585261237947
ID_dM3NBS_20220106,4.605686217542533
ID_oT1ZjP_20220109,8.944389858377104
ID_GsM9pn_20220110,5.66204952840998
ID_0KVftp_20220117,9.881725562042163
ID_mjODZX_20220118,3.4811781487550504
ID_aT8pWA_20220121,19.13965046144303
ID_9Z2Yu1_20220127,6.741001833138097
ID_ygC7Bz_20220129,4.061402125893065
ID_x3rhF1_20220201,6.241220645312639
ID_Was6NB_20220204,7.740713828225659
ID_7WHQuP_20220206,6.030422113153518
ID_RAB0ZA_20220208,2.4631279554917724
ID_gEjRcB_20220210,2.4196313659572892
ID_EHuGdw_20220216,2.735632776576358
ID_dX3P34_20220217,3.1719481177888156
ID_tBC1LI_20220218,4.355018033344667
ID_fMmotn_20220224,8.830221873508147
ID_Zl0zrc_20220301,18.7335840241107
ID_tXrbD8_20220303,4.902912943996535
ID_3Mio4o_20220314,12.324295714062695
ID_8Swu61_20220319,5.589815753771039
ID_jjB0tF_20220321,10.081053847490091
ID_lWux9F_20220323,1.9209807465408972
ID_6FMaed_20220325,4.568028422673311
ID_tg3AHY_20220403,6.745007794383585
ID_Zo4UT3_20220404,6.5855829441315485
ID_ksw44L_20220406,2.6805450172381584
ID_l49L4C_20220409,5.666749167717656
ID_6yPWd1_20220411,5.3427700514558305
ID_S5uuv8_20220418,8.925425892124702
ID_C57Ccn_20220425,4.544889125691522
ID_RMYIhf_20220426,7.232352577673022
ID_jafIT6_20220501,8.774948453029563
ID_JoxH7G_20220502,1.579766959361924
ID_4UAuG3_20220506,10.121204387710682
ID_tM46Pa_20220507,6.734418924165782
ID_QwT30h_20220509,4.098378100829242
ID_01P4Kw_20220510,4.340327750046712
ID_fj4ceZ_20220511,3.051656415430299
ID_JbHcRz_20220513,6.571748802513772
ID_OXpnlA_20220514,3.6062524497744026
ID_qxk3h7_20220515,3.73429250023062
ID_SVbcDX_20220516,3.3126539349341417
ID_6qf5LE_20220522,5.582491351929778
ID_UjCePZ_20220523,11.225045487951535
ID_2SQy8i_20220525,2.2509550536336373
ID_qgr6Sc_20220529,0.8760586397782026
ID_7GEGbE_20220531,0.881605642505688
ID_W4y16Q_20220604,0.0
ID_F2YyLE_20220611,0.0
ID_Ny680f_20220612,0.2267919956632993
ID_8UVK5X_20220616,0.1655530736362807
ID_g3q3ab_20220621,0.0
ID_6ZXL2e_20220623,2.132832996991833
ID_r2HOt3_20220625,0.0
ID_s7S3wh_20220627,0.10438150847033442
ID_Y9jhAU_20220703,0.0
ID_4eh1vI_20220704,0.0
ID_GKRRPi_20220706,0.0
ID_92SQzw_20220708,0.0
ID_ZJ71gF_20220715,0.0
ID_lT4rtv_20220724,0.10291465849613776
ID_yFq3Gb_20220728,0.06647527626055709
ID_N3sO7X_20220809,0.0
ID_JZ4xVX_20220812,0.0
ID_WSyT2x_20220814,0.0
ID_HSiSQt_20220816,0.0
ID_DMRExi_20220820,0.0
ID_8ayQOf_20220828,0.21014480407770436
ID_JDOTVr_20220829,0.20314745044899454
ID_6VqylT_20220830,0.1850179293788449
ID_hXwAh1_20220904,0.48858523321038616
ID_WXtNpb_20220906,0.14029375779097428
ID_n6Fyio_20220907,0.6557368787162775
ID_8Y8Pg7_20220910,0.09772931434522539
ID_gTgFrT_20220912,0.03910197822468686
ID_EkHJXV_20220913,0.5659577580901505
ID_wat3J9_20220920,1.205632484351435
ID_saYEaz_20220927,1.4199948740832384
ID_m59oGt_20220928,2.8856861892436516
ID_0NVGeB_20220930,0.929715036327764
ID_DNVMWU_20221002,3.834678627818937
ID_MEA1Oa_20221008,2.9826059710544643
ID_ttAYCM_20221010,6.1677314882744
ID_slohHz_20221014,1.3834653378866257
ID_ffWxEv_20221015,4.77003462716761
ID_i8fbuM_20221017,2.241303066284088
ID_r8aU4f_20221023,3.201113165430303
ID_3QTflT_20221024,4.2830441858025114
ID_ntr9AM_20221026,7.225950575524832
ID_Isu8bg_20221028,4.731464722089069
ID_m20iw2_20221030,3.0729429221316313
ID_e3xWUE_20221031,18.840990558601284
ID_0hJOa5_20221101,6.780915881481674
ID_T8kBnP_20221105,10.938486104244134
ID_GDb8Ys_20221106,5.011640196185146
ID_aPIEMV_20221110,15.527008484946208
ID_ZOSL1r_20221115,3.7203020319286813
ID_Ouns3a_20221123,6.909106542348766
ID_ncCrbt_20221124,3.743816418678641
ID_WphGGm_20221125,10.608394561071174
ID_nbl3IB_20221126,15.327672527424903
ID_9eYveo_20221128,18.118389892992337
ID_2vKfUe_20221130,13.27579818811051
ID_nPwb2J_20221201,5.074521412223142
ID_RQHexb_20221206,6.716051284174693
ID_vhfNMZ_20221211,4.094672516384722
ID_RqyIoY_20221212,5.1298842367407955
ID_FJ06bJ_20221218,11.069225641456981
ID_xzn1hv_20221222,4.398141766098041
ID_7zchQw_20221225,8.01663772918321
ID_F7lgsk_20230103,6.65820750612081
ID_bsTqLL_20230104,11.000198771909274
ID_wjk46M_20230111,4.1323618780958915
ID_pkGtum_20230112,8.13664430629261
ID_cLADJT_20230117,2.4337482286494723
ID_WtqDtk_20230118,1.2867343939829754
ID_WLfy3x_20230124,5.063395447033161
ID_pTAZIJ_20230130,6.150984127213104
ID_YajFc4_20230203,3.3178358616858477
ID_SI72DY_20230204,4.040761872220098
ID_PIqkCA_20230208,5.554877013396525
ID_RljvMS_20230209,2.1903624101664985
ID_wrjj0R_20230212,3.0658065076060743
ID_izpxAX_20230215,10.15687668297452
ID_zKrD86_20230219,2.340619385536667
ID_WmhIu8_20230222,5.306777564304726
ID_TXGl9s_20230223,5.368896753420022
ID_ubOtZ4_20230224,7.0453183934513826
ID_4aMdVk_20230301,6.792480016109565
ID_cZwe8i_20230305,4.3502735859326505
ID_kccjyA_20230311,10.365865126916265
ID_kvKDGJ_20230315,2.1097258988703755
ID_hykasd_20230319,3.3016693176870926
ID_w3OqPo_20230321,1.922363801323359
ID_GBiPag_20230322,8.918293361497849
ID_JpYvX3_20230323,4.957777785841008
ID_pexMbR_20230325,1.9865416081418963
ID_1BRJQ5_20230326,10.0633736492644
ID_VJcb0b_20230327,11.006031033281127
ID_xqvQh7_20230328,15.822843098585073
ID_lB9Cxd_20230402,1.8114526265387771
ID_nzWajI_20230403,6.1077378180879
ID_tGoFaM_20230408,2.797577258457498
ID_5KiB7G_20230409,5.7792154135393154
ID_zn2LI3_20230411,2.8771533506032227
ID_JjzPiF_20230415,9.465206545944731
ID_aj8wIc_20230423,6.05261907746564
ID_sRB473_20230426,5.393403184337429
ID_Dvc8s7_20230428,23.835445485292297
ID_YLdcsq_20230502,5.605580430437183
ID_vGsNOZ_20230506,5.443262774712026
ID_tNiMPV_20230507,3.934137040273675
ID_NTB2QQ_20230509,1.5004108231187336
ID_WiV0fP_20230513,8.498961105122946
ID_tZwLNt_20230530,1.9359621507790554
ID_9ARfdu_20230606,1.3099742831461163
ID_dlFxV4_20230607,4.980495514764794
ID_7zGfZp_20230610,2.5447408260217808
ID_HISLfi_20230611,3.468038833093449
ID_Mu0KnR_20230614,2.787048008081495
ID_0kDub9_20230615,1.1161096907784436
ID_Qss23S_20230624,0.0
ID_RbUNuS_20230625,0.0
ID_f1omEO_20230629,0.005437755847404331
ID_iY6DA4_20230705,0.0004992762089141673
ID_rkllUC_20230709,0.0
ID_u5io9X_20230714,0.590931299876634
ID_saBFTY_20230722,0.0
ID_MCSDDz_20230723,0.0
ID_LQ0PXy_20230725,0.0
ID_mti4Kc_20230728,0.0
ID_1SC5U8_20230729,0.0
ID_dXAcZ8_20230730,0.0
ID_ZddUcm_20230802,0.0
ID_cRYdOw_20230807,0.0
ID_P3VtU8_20230811,0.0
ID_NBBZME_20230813,0.020771960389825487
ID_e1NbF7_20230814,0.16056995439770824
ID_ww3bb7_20230819,0.07575036077684795
ID_hanVjR_20230821,0.03888978611911794
ID_2BJOnh_20230824,0.9086001490793069
ID_u8mysa_20230825,0.5492381653282503
ID_6NLSKv_20230901,0.34100690364613473
ID_DEMyTi_20230907,0.8331375103486
ID_g98g66_20230908,0.5995562282685486
ID_MdWBtG_20230910,0.46400807115404297
ID_YIyJq3_20230911,0.21643434646186988
ID_edKQOu_20230915,1.1034342521081093
ID_FDFenO_20230916,0.7987454693688407
ID_jnRxJm_20230918,2.7551883018631567
ID_xkLKJF_20230923,1.5684820182363026
ID_pJBLp2_20230929,1.1045846442967227
ID_BXSbpT_20231002,1.9936105347651798
ID_b5qtMN_20231003,4.06034678784295
ID_JkPGXK_20231004,1.8332899979416069
ID_icFNEw_20231007,2.5587145368020945
ID_XidyM5_20231008,3.9243128400828327
ID_hBXDY5_20231009,5.498601201538515
ID_jCddkG_20231010,3.8126312356148158
ID_WgeZ9N_20231013,4.670641582644816
ID_NBe0vK_20231018,9.867078484359379
ID_wj9Xip_20231021,5.338529197063481
ID_1zE697_20231101,12.680428154907247
ID_fUSBlA_20231103,8.175153189844877
ID_dAypcI_20231104,8.41933543889871
ID_VXGbRO_20231116,5.16666846960001
ID_Engoer_20231121,8.78077115764043
ID_arYjPK_20231123,14.314937622218508
ID_jjMC4m_20231124,12.555377613689739
ID_WxTDhF_20231126,4.904920469147781
ID_EEo36N_20231127,6.923384402069207
ID_mBKGaS_20231128,3.087204490310543
ID_lLxz5c_20231130,5.451919633760032
ID_k3ZIUh_20231207,3.2360847739515077
ID_Bj7JXU_20231208,4.606521357785609
ID_A8efCp_20231209,4.912318032111315
ID_0y8uNw_20231215,4.008836718088221
ID_Qj20ey_20231223,3.9843398666790613
ID_BgUL19_20231229,10.963587413724264
ID_ow4iio_20231231,2.7249867149288267
ID_V5zPUV_20240101,3.3615746153406083
